mode,total_images,object_accuracy,position_accuracy,distance_category_accuracy,obstacle_warning_accuracy,description_quality,average_latency_ms
gemma_depth,30,0.5,0.8666666666666667,0.26666666666666666,0.26666666666666666,2.9,105769.83333333333
gemma_only,30,0.5,0.6666666666666666,,,3.611111111111111,106283.53333333334
depth_only,30,0.0,0.6666666666666666,0.26666666666666666,0.26666666666666666,2.2,1355.5333333333333
