mode,total_images,prediction_coverage,object_accuracy,position_accuracy,distance_category_accuracy,obstacle_warning_accuracy,description_quality,average_latency_ms
gemma_only,30,1.0,0.5,0.6666666666666666,,,3.611111111111111,106283.53333333334
depth_only,30,1.0,0.0,0.6666666666666666,0.7,0.8,3.1666666666666665,978.9
gemma_depth,30,1.0,0.5,0.8666666666666667,0.7,0.8,3.8666666666666667,105423.93333333333
