metric,paired_images,legacy_mean,constrained_mean,mean_difference,bootstrap_95_low,bootstrap_95_high,wins,ties,losses,snapshot_direction,interval_excludes_zero
semantic_correctness_mean,44,3.916666666666667,3.977272727272727,0.060606060606060635,-0.03787878787878785,0.16666666666666669,10,27,7,constrained_higher,no
spatial_accuracy_mean,44,3.3484848484848486,3.4621212121212124,0.11363636363636359,-0.0984848484848485,0.3257575757575757,21,7,16,constrained_higher,no
groundedness_mean,44,3.7803030303030307,3.9621212121212124,0.18181818181818185,0.053030303030303046,0.3181818181818182,19,17,8,constrained_higher,yes
clarity_mean,44,4.287878787878788,4.454545454545454,0.1666666666666666,0.05303030303030296,0.28787878787878785,16,25,3,constrained_higher,yes
overall_mean,44,3.7045454545454546,3.9015151515151514,0.196969696969697,0.06818181818181825,0.32575757575757575,18,20,6,constrained_higher,yes
